Title,IMDB_ID,Type,Poster
12 Years A Slave,tt2024544,Movie,12 Years A Slave.jpg
22 Jump Street,tt2294449,Movie,
47 Ronin,tt1335975,Movie,
102 Dalmatians,tt0211181,Movie,
10000 BC,tt0443649,Movie,
A Christmas Horror Story,tt3688406,Movie,
A Escondidas,tt3289362,Movie,
Ant-Man,tt0478970,Movie,
A Man Apart,tt0266465,Movie,
A Million Ways To Die In The West,tt2557490,Movie,
A Single Man,tt1315981,Movie,
A Very Murray Christmas,tt4537842,Movie,
About Time,tt2194499,Movie,
All Creatures Big and Small,tt3411432,Movie,
Alpha and Omega,tt1213012,Movie,
Alpha and Omega 2,tt3111728,Movie,
Animal,tt2996684,Movie,
Arrow,tt2193021,TV,Arrow Season 02.jpg
August Rush,tt0426931,Movie,
Avengers Age of Ultron,tt2395427,Movie,
Babylon A.D,tt0364970,Movie,
Back To The Jurassic,tt4693418,Movie,
Bad Roomies,tt3482062,Movie,
Bad Words,tt2170299,Movie,
Bahubali - The Beginning,tt2631186,Movie,
Bajrangi Bhaijaan,tt3863552,Movie,
Barfi,tt2082197,Movie,
Battleship,tt1440129,Movie,
Bears,tt2458776,Movie,
Bedtime Stories,tt0960731,Movie,
Believe Me,tt3107070,Movie,
Big Hero 6,tt2245084,Movie,
Blended,tt1086772,Movie,
Blue Is the Warmest Color,tt2278871,Movie,
Boiler Room,tt0181984,Movie,
Bolt,tt0397892,Movie,
Borstal Boy,tt0221838,Movie,
Boychoir,tt3302706,Movie,
Buffering,tt1715322,Movie,
C.R.A.Z.Y,tt0401085,Movie,
Cashback,tt0460740,Movie,
Caveman,tt2378884,Movie,
Chappie,tt1823672,Movie,
Christmas Trade,tt4558194,Movie,
Christopher and His Kind,tt1651062,Movie,
Ciao,tt2082197,Movie,
Clapham Junction,tt1043903,Movie,
Cloudy with a Chance of Meatballs,tt0844471,Movie,
Comme Les Autres,tt1093352,Movie,
Danny Deckchair,tt0337960,Movie,
Dans La Maison,tt1964624,Movie,
Daredevil,tt0287978,Movie,
Dark Shadows,tt1077368,Movie,
Date And Switch,tt1878942,Movie,
Dawn Of The Planet Of The Apes,tt2103281,Movie,
Daybreak,tt1196140,Movie,
Descendants,tt3440298,Movie,
Despicable Me 2,tt1690953,Movie,
District 9,tt1136608,Movie,
Divergent,tt1840309,Movie,
Django Unchained,tt1853728,Movie,
Do Comeco Ao Fim,tt1440741,Movie,
Dog Tags,tt1212408,Movie,
Dogma,tt0120655,Movie,
Dolphin Tale,tt1564349,Movie,
Don Jon,tt2229499,Movie,
Dr Dolittle,tt0118998,Movie,
Dr Dolittle 2,tt0240462,Movie,
E.T. The Extra - Terrestrial,tt0083866,Movie,
Easier With Practice,tt1217426,Movie,
East Side Story,tt0437171,Movie,
eCupid,tt1754944,Movie,
Edge of Tomorrow,tt1631867,Movie,
Eight Below,tt0397313,Movie,
Ender's Game,tt1731141,Movie,
Endless Love,tt2318092,Movie,
Ex Machina,tt0470752,Movie,
Exodus Gods and Kings,tt1528100,Movie,
Fame,tt1016075,Movie,
Fantastic Four,tt1502712,Movie,
Frank,tt1605717,Movie,
Freier Fall,tt2617828,Movie,
From Beginning to End,tt1440741,Movie,
Frozen,tt2294629,Movie,
Furious 7,tt2820852,Movie,
Game Of Thrones,tt0944947,TV,
Gangs of New York,tt0217505,Movie,
Get Real,tt0162973,Movie,
Ghost Rider Spirit Of Vengeance,tt1071875,Movie,
Godzilla,tt0831387,Movie,
Goosebumps,tt1051904,Movie,
Golden Compass,tt0385752,Movie,
Grande Ecole,tt0340137,Movie,
Grown Ups 2,tt1375670,Movie,
Guardians of the Galaxy,tt2015381,Movie,
Harry Potter and the Sorcerers Stone,tt0241527,Movie,
Harry Potter and the Chamber of Secrets,tt0295297,Movie,
Harry Potter and the Prisoner of Azkaban,tt0304141,Movie,
Harry Potter and the Goblet of Fire,tt0330373,Movie,
Harry Potter and the Order of the Phoenix,tt0373889,Movie,
Harry Potter and the Half-Blood Prince,tt0417741,Movie,
Harry Potter and the Deathly Hallows: Part 1,tt0926084,Movie,
Harry Potter and the Deathly Hallows: Part 2,tt1201607,Movie,
Heaven Is For Real,tt1929263,Movie,
Her,tt1798709,Movie,
Hercules,tt1267297,Movie,
Hide Your Smiling Faces,tt1964773,Movie,
Hop,tt1411704,Movie,
Horns,tt1528071,Movie,
Hotel Transylvania,tt0837562,Movie,
Hotel Transylvania 2,tt2510894,Movie,
How To Train Your Dragon 2,tt1646971,Movie,
Hugo,tt0970179,Movie,
I Killed My Mother,tt1424797,Movie,
"I, Frankenstein",tt1418377,Movie,
Il Primo Giorno D'Inverno,tt1270678,Movie,
Independance Day,tt0116629,Movie,
Infini,tt3327624,Movie,
Insidious CHAPTER 2,tt2226417,Movie,
Insurgent,tt2908446,Movie,
Interstellar,tt0816692,Movie,
Into The Woods,tt2180411,Movie,
Invisible Sister,tt4420110,Movie,
Is It Just Me,tt1533053,Movie,
It Follows,tt3235888,Movie,
Jess and James,tt4544008,Movie,
Jerusalem,tt2385006,Movie,
Jet Boy,tt0271580,Movie,
Journey 2 The Mysterious Island,tt1397514,Movie,
Judas Kiss,tt1242642,Movie,
Jupiter Ascending,tt1617661,Movie,
Jurassic World,tt0369610,Movie,
Khumba,tt1487931,Movie,
Kick Ass 2,tt1650554,Movie,
King Kong,tt0360717,Movie,
Kill Bill: Vol. 1,tt0266697,Movie,
Kill Bill: Vol. 2,tt0378194,Movie,
Jurassic World,tt0369610,Movie,
Latter Days,tt0345551,Movie,
Le Fate Ignoranti,tt0274497,Movie,
Les Choristes,tt0372824,Movie,
Les Profs,tt3713944,Movie,
Lost River,tt2366608,Movie,
Lost Time,tt2564978,Movie,
Love (II),tt3774694,Movie,
Lucy,tt2872732,Movie,
Mad Max Fury Road,tt1392190,Movie,
Magic Mike,tt1915581,Movie,
Magic Mike XXL,tt2268016,Movie,
Make The Yuletide Gay,tt1305714,Movie,
Maleficent,tt1587310,Movie,
Manjhi,tt3449292,Movie,
Maps to the Stars,tt2172584,Movie,
Maze Runner The Scorch Trials,tt4046784,Movie,
Me Myself And Irene,tt0183505,Movie,
McFarland USA,tt2097298,Movie,
Mine Vaganti,tt1405810,Movie,
Minions,tt2293640,Movie,
Minuscule The Valley Of The Lost Ants,tt2368672,Movie,
Mission Impossible Rogue Nation,tt2381249,Movie,
Molly Moon and the Incredible Book of Hypnotism,tt2445178,Movie,
Monsters,tt1470827,Movie,
Monsters VS Aliens,tt0892782,Movie,
Mor 3 Pee 4,,Movie,
Moster Pies,tt2379082,Movie,
Mr. & Mrs. Smith,tt0356910,Movie,
Mulligans,tt1106447,Movie,
Music and Lyrics,tt0758766,Movie,
My Own Private Idaho,tt0102494,Movie,
Night at the Museum Secret of the Tomb,tt2692250,Movie,
Nightcrawler,tt2872718,Movie,
Ninja Shadow of A Tear,tt2458106,Movie,
"Noordzee, Texas",tt1625150,Movie,
Now You See Me,tt1670345,Movie,
"O Brother, Where Art Thou",tt0190590,Movie,
Oblivion,tt1483013,Movie,
Odd Thomas,tt1767354,Movie,
Olympus,tt3681794,Movie,
Old School,tt0302886,Movie,
Pacific Rim,tt1663662,Movie,
Paddington,tt1109624,Movie,
Paul,tt1092026,Movie,
Pan,tt3332064,Movie,
Paranoia,tt1413495,Movie,
Patrik Age 1.5,tt1067733,Movie,
Pay the Ghost,tt3733778,Movie,
Penguins Of Madagascar,tt1911658,Movie,
Percy Jackson Sea of Monsters,tt1854564,Movie,
Pinocchio,tt4242112,Movie,
Pirates of the Caribbean - on Stranger Tides,tt1298650,Movie,
Pitch Perfect 2,tt2848292,Movie,
Pixels,tt2120120,Movie,
PK,tt2338151,Movie,
Prisoners,tt1392214,Movie,
Private Romeo,tt1500512,Movie,
Prometheus,tt1446714,Movie,
Puss in Boots,tt0448694,Movie,
Puss in Boots - Three Diablos,tt2268617,Movie,
Queer As Folk(UK),tt0185102,TV,
Quemar las Naves(Burn the Bridges),tt1125914,Movie,
R.L. Stines Monsterville - The Cabinet of Souls,tt4386242,Movie,
Riddick,tt1411250,Movie,
Rio,tt1436562,Movie,
Rio 2,tt2357291,Movie,
Rudderless,tt1798243,Movie,
Saving Private Ryan,tt0120815,Movie,
Saving Santa,tt2204315,Movie,
Seasons Change,tt0880477,Movie,
Self Less,tt2140379,Movie,
Seventh Son,tt1121096,Movie,
Sexual Tension,tt2433190,Movie,
Shaun the Sheep,tt2872750,Movie,
Sinbad Legend of the Seven Seas,tt0165982,Movie,
Snowpiercer,tt1706620,Movie,
Soldier's Girl,tt0324013,Movie,
Song of the Sea,tt1865505,Movie,
Southpaw,tt1798684,Movie,
Spy,tt3079380,Movie,
Step Up - All In,tt2626350,Movie,
Strange Magic,tt4191054,Movie,
Stuck on You,tt0338466,Movie,
Taichio,,Movie,
Tangled,tt0398286,Movie,
Ted 2,tt2637276,Movie,
Teenage Mutant Ninja Turtles,tt1291150,Movie,
Terminator Genisys,tt1340138,Movie,
The Adventurer The Curse of the Midas Box,tt1376213,Movie,
The Adventures Of Priscilla Queen Of The Desert,tt0109045,Movie,
The Art Of Getting By,tt1645080,Movie,
The Beat Beneath My Feet,tt3064356,Movie,
The Big Bang Theory,tt0898266,TV,
The Book Thief,tt0816442,Movie,
The Boxtrolls,tt0787474,Movie,
The Christmas Dragon,tt3918686,Movie,
The Chronicles Of Riddick,tt0296572,Movie,
The Colour of Magic,tt1079959,Movie,
The Conjuring,tt1457767,Movie,
The Falling,tt3294200,Movie,
The Fast And The Furious 1,tt0232500,Movie,
The Fast and the Furious 2,tt0322259,Movie,
The Fast And The Furious 3,tt0463985,Movie,
The Fast And The Furious 4,tt1013752,Movie,
The Fast and the Furious 5,tt1596343,Movie,
The Flash,tt3107288,TV,
The Fountain,tt0414993,Movie,
The Grand Budapest Hotel,tt2278388,Movie,
The Guest,tt2980592,Movie,
The History Boys,tt0464049,Movie,
The Hobbit - The Battle Of The Five Armies,tt2310332,Movie,
The Hobbit - The Desolation of Smaug,tt1170358,Movie,
The Host,tt1517260,Movie,
The House Of Magic,tt3148834,Movie,
The Hundred Foot Journey,tt2980648,Movie,
The Hunger Games Catching Fire,tt1951264,Movie,
The Hunger Games Mockingjay Part,tt1951265,Movie,
The Intern,tt2361509,Movie,
The Legend of 1900,tt0120731,Movie,
The Longest Ride,tt2726560,Movie,
The Lucky One,tt1327194,Movie,
The Machine,tt2317225,Movie,
The Maze Runner,tt2317225,Movie,
The Necessary Death Of Charlie Countryman,tt1196948,Movie,
The New World,tt0402399,Movie,
The Nines,tt0810988,Movie,
The Normal Heart,tt1684226,Movie,
The Pacifier,tt0395699,Movie,
The Pirate Fairy,tt2483260,Movie,
The Proposal,tt1041829,Movie,
The Purge Anarchy,tt2975578,Movie,
The Pyramid,tt2799166,Movie,
The Secret Life of Walter Mitty,tt0359950,Movie,
The Selfish Giant,tt2304426,Movie,
The Sex Of The Angels,tt1840911,Movie,
The Spectacular Now,tt1714206,Movie,
The Strain,tt2654620,TV,
The Tale of Despereaux,tt0420238,Movie,
The Trip To Iitaly,tt2967006,Movie,
The Wolf Of Wall Street,tt0993846,Movie,
The Young and Prodigious T.S. Spivet,tt1981107,Movie,
Tinker Bell and the Legend of the Neverbeast,tt3120408,Movie,
Time Out,tt4396648,Movie,
Tomorrowland,tt1964418,Movie,
Transformers Age of Extinction,tt2109248,Movie,
Turbo Kid,tt3672742,Movie,
Uncanny,tt2321502,Movie,
Vacation,tt1524930,Movie,
Veronica Mars,tt2771372,Movie,
Viy,tt1224378,Movie,
Waiting For Forever,tt1296898,Movie,
Walk on Water,tt0352994,Movie,
Weekend,tt1714210,Movie,
We Are Your Friends,tt3787590,Movie,
We're the Millers,tt1723121,Movie,
Were The World Mine,tt0476991,Movie,
What To Expect When You're Expecting,tt1586265,Movie,
Whole New Thing,tt0461613,Movie,
Womb,tt1216520,Movie,
X-Men Days of Future Past,tt1877832,Movie,
Yeh Jawaani Hai Deewani,tt2178470,Movie,
Demi-Gods and Semi-Devils,,TV,
In The Heart of the Sea,tt1390411,Movie,
The Little Prince,tt1754656,Movie,
Pyaar Ka Punchnama 2,tt4430136,Movie,
Gone Girl,tt2267998,Movie,
In the Grayscale,tt4097612,Movie,
Oddball and the Penguins?(I),tt3401748,Movie,
Van Wilder,tt0283111,Movie,
Forrest Gump,tt0109830,Movie,
The Chronicles Of Narnia The Lion The Witch And The Wardrobe,tt0363771,Movie,
The Chronicles Of Narnia Prince Caspian,tt0499448,Movie,
The Chronicles Of Narnia The Voyage Of The Dawn Treader,tt0980970,Movie,
Arrowhead,tt3013160,Movie,
Crazy Stupid Love,tt1570728,Movie,
Lazer Team,tt3864024,Movie,
Terminus,tt3399896,Movie,
Black Hawk Down,tt0265086,Movie,
The Last Witch Hunter,tt1618442,Movie,
4th Man Out,tt3978720,Movie,
Blue Mountain State The Rise of Thadland,tt3748440,Movie,
Harold and Kumar Go To White Castle,tt0366551,Movie,
Mojin The Lost Legend,tt4276752,Movie,
The  Night Before,tt3530002,Movie,
The Good Dinosaur,tt1979388,Movie,
Victor Frankenstein,tt1976009,Movie,
The Odyssey,tt0118414,TV,
Born to Dance,tt3951190,Movie,
Krampus,tt3850590,Movie,
Alvin and the Chipmunks The Road Chip,tt2974918,Movie,
Sisters,tt1850457,Movie,
Chinese Zodiac,tt1424310,Movie,
Dudes and Dragons,tt2170369,Movie,
Pride and Prejudice and Zombies,tt1374989,Movie,
Jane Got A Gun,tt2140037,Movie,
Avatar,tt0499549,Movie,
Mune: The Guardian of the Moon,tt3858372,Movie,
Anomalisa,tt2401878,Movie,
Mississippi Grind,tt2349144,Movie,
The 5th Wave,tt2304933,Movie,
The Truman Show,tt0120382,Movie,
The Tribe,tt1745787,Movie,
The 40 Year Old Virgin,tt0405422,Movie,
Star Wars Episode VII The Force Awakens,tt2488496,Movie,
Kung Fu Panda 3,tt2267968,Movie,
The Smurfs,tt0472181,Movie,
The Smurfs 2?,tt2017020,Movie,
The A-Team,tt0429493,Movie,
Total Recall,tt1386703,Movie,
Land of Storms,tt2474310,Movie,
17 Again,tt0974661,Movie,
Match Point,tt0416320,Movie,
Reefer Madness,tt0404364,Movie,
Holding The Man,tt3671542,Movie,
Fight Club,tt0137523,Movie,
