Title,Type,Thumbs
Xingyun,Web Design,/images/design/IndexPage - MV 6.png
Xingyun,AD,/images/design/Aipu&XingYunPage V2.png
Xingyun,AD,/images/design/Carschina_1.jpg
Xingyun,AD,/images/design/ChengduHaixinda_EndYear.jpg
Xingyun,AD,/images/design/Ganghong_doubleArrow.jpg
Xingyun,AD,/images/design/Ganghong_XV.jpg
Xingyun,,/images/design/InventFriends.jpg
Xingyun,,/images/design/jszc_expo.png
Xingyun,,"/images/design/Jinshang365V1.png,
/images/design/Jinshang365V2.png"
Xingyun,,/images/design/jszc_weixin.png
Xingyun,,/images/design/Sichuan-Henglong-Guarantee-Co.jpg
Xingyun,,/images/design/WangYuanCamelMilk.jpg
Xingyun,,/images/design/Win361 - V2.6.png
Xingyun,,"/images/design/XingAdministration A.png,
/images/design/XingAdministration B.png"
Xingyun,,"/images/design/XingGu V2psd.png,
/images/design/XingGu V2 Servicepsd.png,
/images/design/XingGu V2 Recruitmentpsd.png,
/images/design/XingGu V2 News.png,
/images/design/XingGu V2 News Productionpsd.png,
/images/design/XingGu V2 News Detailpsd.png,
/images/design/XingGu V2 About.png,
/images/design/XingGu V2 About Cooperationpsd.png"
Xingyun,,/images/design/Xinyuesc_B.jpg
Xingyun,,/images/design/Youyoushuxue.jpg
Xingyun,,"/images/design/XYMobile 0.png,
/images/design/XYMobile 1.png,
/images/design/XYMobile 2.png,
/images/design/XYMobile 3.png,
/images/design/XYMobile 4.png"
